key,key:booking,key:passenger

# base entity
bookingPassenger-01,booking-01,passenger-05
bookingPassenger-02,booking-02,passenger-12
bookingPassenger-03,booking-03,passenger-07
bookingPassenger-04,booking-04,passenger-19
bookingPassenger-05,booking-05,passenger-22
bookingPassenger-06,booking-06,passenger-30
bookingPassenger-07,booking-07,passenger-16
bookingPassenger-08,booking-08,passenger-09
bookingPassenger-09,booking-09,passenger-03
bookingPassenger-10,booking-10,passenger-24
bookingPassenger-11,booking-11,passenger-14
bookingPassenger-12,booking-12,passenger-31
bookingPassenger-13,booking-13,passenger-17
bookingPassenger-14,booking-14,passenger-26
bookingPassenger-15,booking-15,passenger-08
bookingPassenger-16,booking-16,passenger-28
bookingPassenger-17,booking-17,passenger-01